{"lr": 0.02836485897912852, "weight_decay": 8.295075003805322e-06}