{"lr": 0.0005439071818054952, "weight_decay": 0.000794150803120694}