{"lr": 0.00035035727503158256, "weight_decay": 1.1126108152382694e-06}