{"lr": 0.0014294976705343822, "weight_decay": 3.142754231412493e-05}