{"lr": 0.0028770051811897366, "weight_decay": 4.765810610632769e-06}