{"lr": 0.007330288583115836, "weight_decay": 1.0660599059446219e-05}