{"lr": 0.004202265531432067, "weight_decay": 9.186621275308935e-05}