{"lr": 3.310966316479039e-05, "weight_decay": 3.486334293694573e-05}