{"lr": 0.0004859257251972543, "weight_decay": 0.0023981890874492}