{"lr": 0.03447315008604127, "weight_decay": 0.0001870121653455799}