{"lr": 5.455764698869745e-06, "weight_decay": 0.0005117284326296441}