{"lr": 4.622977529167532e-06, "weight_decay": 3.9486005128869505e-05}