{"lr": 0.0013951416610179818, "weight_decay": 3.881699119629386e-05}