{"lr": 0.4211063354009443, "weight_decay": 0.0029657561753810625}