{"lr": 0.06254594753193067, "weight_decay": 4.185682066432889e-05}