{"lr": 0.10742155356870632, "weight_decay": 0.008784674122416755}