{"lr": 3.357829919139195e-05, "weight_decay": 1.5635687428020005e-06}